lokasi,latitude,longitude,curah_hujan,penggunaan lahan,jenis tanah,Kategori Curah Hujan,Labeling,geometry,jumlah_banjir,Hasil_Prediksi,Probabilitas_Prediksi
"JAWA BARAT, KABUPATEN BANDUNG, SOREANG, PANYIRAPAN",-7049881,107521854,2272.94,0.0,0.5714285714285714,1.0,0.0,POINT (107521854 -7049881),1,0.0,0.01
"JAWA BARAT, KABUPATEN BANDUNG, SOREANG, SUKANAGARA",-7065081,107518936,2267.37,0.5,0.5714285714285714,1.0,1.0,POINT (107518936 -7065081),1,1.0,0.99
"JAWA BARAT, KABUPATEN BANDUNG, PASIRJAMBU, CUKANGGENTENG",-7079423,107499905,2269.68,0.5,0.5714285714285714,1.0,1.0,POINT (107499905 -7079423),1,1.0,0.99
"JAWA BARAT, KABUPATEN BANDUNG, PASIRJAMBU, CISONDARI",-7127131,107488809,2216.54,0.75,0.2857142857142857,0.75,0.0,POINT (107488809 -7127131),1,0.0,0.0
"JAWA BARAT, KABUPATEN BANDUNG, PASIRJAMBU, MARGAMULYA",-7130081,107459001,2383.19,0.5,0.2857142857142857,1.0,0.0,POINT (107459001 -7130081),2,0.0,0.01
"JAWA BARAT, KABUPATEN BANDUNG, CIWIDEY, NENG, AN",-7064169,107463958,147.741,0.625,0.8571428571428572,0.0,0.0,POINT (107463958 -7064169),1,0.0,0.0
"JAWA BARAT, KABUPATEN BANDUNG, CIWIDEY, PANUNDAAN",-7120492,10744017,2527.76,1.0,0.0,1.0,0.0,POINT (10744017 -7120492),1,0.0,0.0
"JAWA BARAT, KABUPATEN BANDUNG, CIWIDEY, RAWABOGO",-705837,107444787,2336.46,0.5,0.8571428571428572,1.0,1.0,POINT (107444787 -705837),1,1.0,1.0
"JAWA BARAT, KABUPATEN BANDUNG, CIWIDEY, SUKAWENING",-7066873,107475166,2290.97,0.0,0.8571428571428572,1.0,0.0,POINT (107475166 -7066873),1,0.0,0.02
"JAWA BARAT, KABUPATEN BANDUNG, RANCABALI, PATENGAN",-7164693,107358675,3118.86,0.0,0.8571428571428572,1.0,0.0,POINT (107358675 -7164693),1,0.0,0.02
"JAWA BARAT, KABUPATEN BANDUNG, RANCABALI, CIPELAH",-7171003,107294264,367.467,0.0,0.8571428571428572,0.25,0.0,POINT (107294264 -7171003),1,0.0,0.0
"JAWA BARAT, KABUPATEN BANDUNG, RANCABALI, ALAMENDAH",-7141538,107422195,2760.99,0.0,0.0,1.0,0.0,POINT (107422195 -7141538),2,0.0,0.0
"JAWA BARAT, KABUPATEN BANDUNG, PASIRJAMBU",-7088203,107471956,2305.87,1.0,0.0,1.0,0.0,POINT (107471956 -7088203),1,0.0,0.0
"JAWA BARAT, KABUPATEN BANDUNG, PASIRJAMBU, CIBODAS",-7090093,107473612,2301.96,0.75,0.0,1.0,0.0,POINT (107473612 -7090093),1,0.0,0.0
"JAWA BARAT, KABUPATEN BANDUNG, PASIRJAMBU, CIKONENG",-7069633,107486203,2284.21,0.625,0.0,1.0,0.0,POINT (107486203 -7069633),1,0.0,0.0
"JAWA BARAT, KABUPATEN BANDUNG, PASIRJAMBU, MEKARSARI",-7133173,107512842,2077.88,0.5,0.2857142857142857,0.5,0.0,POINT (107512842 -7133173),1,0.0,0.01
"JAWA BARAT, KABUPATEN BANDUNG, PASIRJAMBU, MEKARMAJU",-7087979,107471013,2305.87,1.0,0.0,1.0,0.0,POINT (107471013 -7087979),1,0.0,0.0
"JAWA BARAT, KABUPATEN BANDUNG, PASIRJAMBU, TENJOLAYA",-7115178,107469955,2320.31,1.0,0.8571428571428572,1.0,1.0,POINT (107469955 -7115178),1,1.0,1.0
"JAWA BARAT, KABUPATEN BANDUNG, CIWIDEY, LEBAKMUNCANG",-7089972,107448849,176.2,1.0,0.0,0.0,0.0,POINT (107448849 -7089972),1,0.0,0.0
"JAWA BARAT, KABUPATEN BANDUNG, CIWIDEY",-710323,107464055,2341.83,1.0,0.0,1.0,0.0,POINT (107464055 -710323),1,0.0,0.0
"JAWA BARAT, KABUPATEN BANDUNG, CIWIDEY, PANYOCOKAN",-7089728,1074652,2321.31,1.0,0.0,1.0,0.0,POINT (1074652 -7089728),1,0.0,0.0
"JAWA BARAT, KABUPATEN BANDUNG, CIMAUNG, SUKAMAJU",-7115492,107526652,2118.71,0.5,0.2857142857142857,0.5,0.0,POINT (107526652 -7115492),1,0.0,0.01
"JAWA BARAT, KABUPATEN BANDUNG, CIWIDEY",-7102628,107463481,2341.83,1.0,0.0,1.0,0.0,POINT (107463481 -7102628),2,0.0,0.02
"JAWA BARAT, KABUPATEN BANDUNG, PASIRJAMBU, TENJOLAYA, AMATAN CIWIDEY, CIWIDEY, AMATAN SOREANG, PAMEKARAN",-7193613,107480235,2122.59,0.125,0.8571428571428572,0.75,0.0,POINT (107480235 -7193613),1,0.0,0.0
"JAWA BARAT, KABUPATEN BANDUNG, CIWIDEY, BOJONGSOANG",-7102628,107463481,2341.83,1.0,0.0,1.0,0.0,POINT (107463481 -7102628),2,0.0,0.02
"JAWA BARAT, KABUPATEN BANDUNG, PANGALENGAN, MARGAMULYA",-7130081,107459001,2383.19,0.5,0.2857142857142857,1.0,0.0,POINT (107459001 -7130081),2,0.0,0.01
"JAWA BARAT, KABUPATEN BANDUNG, RANCABALI, ALAMENDAH, CIPARAY, MANGUNHARJA",-7141538,107422195,2760.99,0.0,0.0,1.0,0.0,POINT (107422195 -7141538),2,0.0,0.0
"JAWA BARAT, KABUPATEN BANDUNG, KERTASARI, CIBEREUM, PASIR JAMBU, MEKARSARI",-7100202,107470643,2317.37,1.0,0.0,1.0,0.0,POINT (107470643 -7100202),1,0.0,0.0
"JAWA BARAT, KABUPATEN BANDUNG, BANJARAN, KAMASAN",-7049468,107577835,2206.38,0.625,0.7142857142857142,0.75,1.0,POINT (107577835 -7049468),1,1.0,1.0
"JAWA BARAT, KABUPATEN BANDUNG, BANJARAN, SINDANGPANON",-7077363,10758678,2163.71,0.75,0.5714285714285714,0.75,1.0,POINT (10758678 -7077363),2,1.0,1.0
"JAWA BARAT, KABUPATEN BANDUNG, BANJARAN, KIANGROKE",-7046472,107569174,115.539,0.625,1.0,0.0,0.0,POINT (107569174 -7046472),1,0.0,0.0
"JAWA BARAT, KABUPATEN BANDUNG, BANJARAN, MARGAHURIP",-7053728,107565405,2213.62,0.625,0.5714285714285714,0.75,1.0,POINT (107565405 -7053728),1,1.0,1.0
"JAWA BARAT, KABUPATEN BANDUNG, BANJARAN, PASIRMULYA",-7091043,10758928,2131.13,0.75,0.5714285714285714,0.75,1.0,POINT (10758928 -7091043),1,1.0,1.0
"JAWA BARAT, KABUPATEN BANDUNG, PANGALENGAN, LAMAJANG",-7126691,107542988,40.756,0.5,0.2857142857142857,0.0,0.0,POINT (107542988 -7126691),1,0.0,0.0
"JAWA BARAT, KABUPATEN BANDUNG, PANGALENGAN, MARGAMUKTI",-7180318,107604872,1874.68,0.0,0.2857142857142857,0.25,0.0,POINT (107604872 -7180318),2,0.0,0.0
"JAWA BARAT, KABUPATEN BANDUNG, PANGALENGAN, MARGAMEKAR",-7197253,107574856,1760.19,0.0,0.2857142857142857,0.25,0.0,POINT (107574856 -7197253),1,0.0,0.0
"JAWA BARAT, KABUPATEN BANDUNG, ARJASARI, WARGALUYU",-7050118,107632998,105.344,0.5,0.5714285714285714,0.0,0.0,POINT (107632998 -7050118),1,0.0,0.0
"JAWA BARAT, KABUPATEN BANDUNG, CIMAUNG, JAGABAYA",-70731,10755959,2.197,0.625,0.5714285714285714,0.0,0.0,POINT (10755959 -70731),1,0.0,0.0
"JAWA BARAT, KABUPATEN BANDUNG, CIMAUNG, PASIRHUNI",-7081409,107575062,2163.26,0.75,0.5714285714285714,0.75,1.0,POINT (107575062 -7081409),1,1.0,1.0
"JAWA BARAT, KABUPATEN BANDUNG, PACET, MARUYUNG",-7109995,107697337,2094.16,0.625,0.5714285714285714,0.5,1.0,POINT (107697337 -7109995),1,1.0,1.0
"JAWA BARAT, KABUPATEN BANDUNG, CANGKUANG, PANANJUNG",-7061042,107528088,131.336,0.625,0.5714285714285714,0.0,0.0,POINT (107528088 -7061042),1,0.0,0.0
"JAWA BARAT, KABUPATEN BANDUNG, BANJARAN, BANJARAN WETAN",-7072447,107602015,2165.65,0.5,0.5714285714285714,0.75,1.0,POINT (107602015 -7072447),1,1.0,1.0
"JAWA BARAT, KABUPATEN BANDUNG, BANJARAN, CIAPUS",-7075712,107593816,95.451,0.75,0.5714285714285714,0.0,0.0,POINT (107593816 -7075712),1,0.0,0.0
"JAWA BARAT, KABUPATEN BANDUNG, BANJARAN, MEKARJAYA",-7093329,107600028,2124.39,0.75,0.2857142857142857,0.75,0.0,POINT (107600028 -7093329),1,0.0,0.0
"JAWA BARAT, KABUPATEN BANDUNG, PANGALENGAN",-7164045,10760302,122.0,0.0,0.2857142857142857,0.0,0.0,POINT (10760302 -7164045),1,0.0,0.0
"JAWA BARAT, KABUPATEN BANDUNG, PANGALENGAN, SUKAMANAH",-7190085,107586937,1796.56,0.0,0.2857142857142857,0.25,0.0,POINT (107586937 -7190085),1,0.0,0.0
"JAWA BARAT, KABUPATEN BANDUNG, PANGALENGAN, MARGAMULYA",-715793,107583464,-16.344,0.0,0.2857142857142857,0.0,0.0,POINT (107583464 -715793),1,0.0,0.0
"JAWA BARAT, KABUPATEN BANDUNG, PANGALENGAN, BANJARSARI",-7215105,107596212,1851.85,0.0,0.2857142857142857,0.25,0.0,POINT (107596212 -7215105),1,0.0,0.0
"JAWA BARAT, KABUPATEN BANDUNG, PANGALENGAN, TRIBAKTIMULYA",-7143142,107585982,1922.94,0.125,0.2857142857142857,0.25,0.0,POINT (107585982 -7143142),1,0.0,0.0
"JAWA BARAT, KABUPATEN BANDUNG, PANGALENGAN, WANASUKA",-7246195,107617935,18.111,1.0,0.2857142857142857,0.0,0.0,POINT (107617935 -7246195),1,0.0,0.0
"JAWA BARAT, KABUPATEN BANDUNG, ARJASARI",-7076116,107640089,2149.17,0.625,0.2857142857142857,0.75,0.0,POINT (107640089 -7076116),1,0.0,0.02
"JAWA BARAT, KABUPATEN BANDUNG, ARJASARI, LEBAKWANGI",-7043379,107607555,110.425,0.0,0.5714285714285714,0.0,0.0,POINT (107607555 -7043379),1,0.0,0.0
"JAWA BARAT, KABUPATEN BANDUNG, ARJASARI, BATUKARUT",-7068763,107608822,2170.15,0.75,0.5714285714285714,0.75,1.0,POINT (107608822 -7068763),2,1.0,1.0
"JAWA BARAT, KABUPATEN BANDUNG, ARJASARI, ANCOLMEKAR",-7087497,10766832,2123.69,0.625,0.5714285714285714,0.75,1.0,POINT (10766832 -7087497),1,1.0,1.0
"JAWA BARAT, KABUPATEN BANDUNG, ARJASARI, BAROS",-7087932,107632181,2132.19,0.0,0.2857142857142857,0.75,0.0,POINT (107632181 -7087932),1,0.0,0.0
"JAWA BARAT, KABUPATEN BANDUNG, ARJASARI, MANGUNJAYA",-7093635,107621363,82.302,0.0,0.2857142857142857,0.0,0.0,POINT (107621363 -7093635),1,0.0,0.0
"JAWA BARAT, KABUPATEN BANDUNG, ARJASARI, MEKARJAYA",-7099717,107633146,2114.76,0.0,0.2857142857142857,0.5,0.0,POINT (107633146 -7099717),1,0.0,0.0
"JAWA BARAT, KABUPATEN BANDUNG, ARJASARI, PINGGIRSARI",-7080987,107654935,86.381,0.625,0.2857142857142857,0.0,0.0,POINT (107654935 -7080987),1,0.0,0.0
"JAWA BARAT, KABUPATEN BANDUNG, ARJASARI, PATROLSARI",-7054134,107671243,2153.36,0.5,0.5714285714285714,0.75,1.0,POINT (107671243 -7054134),1,1.0,1.0
"JAWA BARAT, KABUPATEN BANDUNG, ARJASARI, RANCAKOLE",-7070435,107676273,2133.44,0.625,0.5714285714285714,0.75,1.0,POINT (107676273 -7070435),1,1.0,1.0
"JAWA BARAT, KABUPATEN BANDUNG, CIMAUNG",-7090613,107561639,2151.44,1.0,0.5714285714285714,0.75,1.0,POINT (107561639 -7090613),1,1.0,1.0
"JAWA BARAT, KABUPATEN BANDUNG, CIMAUNG, CAMPAKAMULYA",-7106941,107592755,2083.42,0.75,0.2857142857142857,0.5,0.0,POINT (107592755 -7106941),1,0.0,0.0
"JAWA BARAT, KABUPATEN BANDUNG, CIMAUNG, CIKALONG",-7130129,107585264,1989.56,0.125,0.2857142857142857,0.25,0.0,POINT (107585264 -7130129),1,0.0,0.0
"JAWA BARAT, KABUPATEN BANDUNG, CIMAUNG, WARJABAKTI",-7131758,10758697,1982.82,0.125,0.2857142857142857,0.25,0.0,POINT (10758697 -7131758),1,0.0,0.0
"JAWA BARAT, KABUPATEN BANDUNG, CIPARAY, CIKONENG",-7076253,107704583,2104.46,0.625,0.5714285714285714,0.5,1.0,POINT (107704583 -7076253),1,1.0,1.0
"JAWA BARAT, KABUPATEN BANDUNG, CIPARAY, PAKUTANDANG",-704302,107709838,2116.43,0.625,0.7142857142857142,0.5,1.0,POINT (107709838 -704302),1,1.0,1.0
"JAWA BARAT, KABUPATEN BANDUNG, PACET, CIPEUJEUH",-7095967,107703147,2097.41,1.0,0.5714285714285714,0.5,1.0,POINT (107703147 -7095967),1,1.0,1.0
"JAWA BARAT, KABUPATEN BANDUNG, PACET, CIKITU",-7152569,107663249,2056.36,0.0,0.2857142857142857,0.25,0.0,POINT (107663249 -7152569),1,0.0,0.0
"JAWA BARAT, KABUPATEN BANDUNG, PACET, SUKARAME",-7162114,107713768,2080.34,0.125,0.2857142857142857,0.5,0.0,POINT (107713768 -7162114),1,0.0,0.0
"JAWA BARAT, KABUPATEN BANDUNG, PACET, NAGRAK",-7115086,10772059,2086.26,0.5,0.5714285714285714,0.5,1.0,POINT (10772059 -7115086),1,1.0,1.0
"JAWA BARAT, KABUPATEN BANDUNG, PACET, CIKAWAO",-7119454,107730175,2083.65,0.5,0.2857142857142857,0.5,0.0,POINT (107730175 -7119454),1,0.0,0.01
"JAWA BARAT, KABUPATEN BANDUNG, PACET, MEKARJAYA",-7121446,107666684,2090.33,0.0,0.2857142857142857,0.5,0.0,POINT (107666684 -7121446),1,0.0,0.0
"JAWA BARAT, KABUPATEN BANDUNG, PACET, PANGAUBAN",-7140213,107660778,2069.22,0.5,0.2857142857142857,0.25,0.0,POINT (107660778 -7140213),1,0.0,0.0
"JAWA BARAT, KABUPATEN BANDUNG, PACET, MANDALAHAJI",-71167,107708485,2089.41,0.625,0.5714285714285714,0.5,1.0,POINT (107708485 -71167),1,1.0,1.0
"JAWA BARAT, KABUPATEN BANDUNG, PACET, GIRIMULYA",-7157447,107669022,2.059,0.5,0.2857142857142857,0.0,0.0,POINT (107669022 -7157447),1,0.0,0.0
"JAWA BARAT, KABUPATEN BANDUNG, PACET, TANJUNGWANGI",-709138,107712804,2093.57,0.0,0.5714285714285714,0.5,0.0,POINT (107712804 -709138),1,0.0,0.02
"JAWA BARAT, KABUPATEN BANDUNG, PACET, MEKARSARI",-7100292,107681994,2105.26,0.0,0.5714285714285714,0.5,0.0,POINT (107681994 -7100292),1,0.0,0.02
"JAWA BARAT, KABUPATEN BANDUNG, KERTASARI, SUKAPURA",-7169258,107669201,2049.37,0.5,0.2857142857142857,0.25,0.0,POINT (107669201 -7169258),1,0.0,0.0
"JAWA BARAT, KABUPATEN BANDUNG, KERTASARI, CIBEUREUM",-7189821,107662298,45.536,0.5,0.2857142857142857,0.0,0.0,POINT (107662298 -7189821),2,0.0,0.0
"JAWA BARAT, KABUPATEN BANDUNG, KERTASARI, SANTOSA",-7269392,107635566,2006.47,0.0,0.2857142857142857,0.25,0.0,POINT (107635566 -7269392),1,0.0,0.0
"JAWA BARAT, KABUPATEN BANDUNG, KERTASARI, TARUMAJAYA",-7230035,107664374,2021.18,0.0,0.2857142857142857,0.25,0.0,POINT (107664374 -7230035),1,0.0,0.0
"JAWA BARAT, KABUPATEN BANDUNG, KERTASARI, NEGLAWANGI",-7274356,107697231,2066.97,0.0,0.0,0.25,0.0,POINT (107697231 -7274356),1,0.0,0.0
"JAWA BARAT, KABUPATEN BANDUNG, KERTASARI, CIHAWUK",-7198965,107704747,2066.98,0.0,0.2857142857142857,0.25,0.0,POINT (107704747 -7198965),1,0.0,0.0
"JAWA BARAT, KABUPATEN BANDUNG, KERTASARI, CIKEMBANG",-7212083,10768862,2051.66,0.5,0.2857142857142857,0.25,0.0,POINT (10768862 -7212083),1,0.0,0.0
"JAWA BARAT, KABUPATEN BANDUNG, MAJALAYA",-7057524,10775158,2079.82,1.0,0.7142857142857142,0.5,1.0,POINT (10775158 -7057524),1,1.0,1.0
"JAWA BARAT, KABUPATEN BANDUNG, MAJALAYA, WANGISAGARA",-7079241,107731298,2086.53,0.625,0.7142857142857142,0.5,1.0,POINT (107731298 -7079241),1,1.0,1.0
"JAWA BARAT, KABUPATEN BANDUNG, MAJALAYA, BIRU",-7052554,107719285,2102.83,1.0,0.5714285714285714,0.5,1.0,POINT (107719285 -7052554),1,1.0,1.0
"JAWA BARAT, KABUPATEN BANDUNG, MAJALAYA, PADAMULYA",-7064578,107740249,67.359,0.625,0.5714285714285714,0.0,0.0,POINT (107740249 -7064578),1,0.0,0.0
"JAWA BARAT, KABUPATEN BANDUNG, MAJALAYA, MAJASETRA",-70419,107747175,2079.91,0.625,0.7142857142857142,0.5,1.0,POINT (107747175 -70419),1,1.0,1.0
"JAWA BARAT, KABUPATEN BANDUNG, MAJALAYA, MAJAKERTA",-7052546,107756552,2075.87,1.0,0.7142857142857142,0.5,1.0,POINT (107756552 -7052546),1,1.0,1.0
"JAWA BARAT, KABUPATEN BANDUNG, MAJALAYA, SUKAMAJU",-7057213,107743839,2082.46,0.625,0.7142857142857142,0.5,1.0,POINT (107743839 -7057213),1,1.0,1.0
"JAWA BARAT, KABUPATEN BANDUNG, MAJALAYA, PADAULUN",-7056088,107729237,2092.68,1.0,0.5714285714285714,0.5,1.0,POINT (107729237 -7056088),1,1.0,1.0
"JAWA BARAT, KABUPATEN BANDUNG, MAJALAYA, NEGLASARI",-7079132,107721325,2091.98,0.625,0.5714285714285714,0.5,1.0,POINT (107721325 -7079132),1,1.0,1.0
"JAWA BARAT, KABUPATEN BANDUNG, MAJALAYA, SUKAMUKTI",-7063735,107735381,68.362,1.0,0.5714285714285714,0.0,0.0,POINT (107735381 -7063735),1,0.0,0.0
"JAWA BARAT, KABUPATEN BANDUNG, IBUN",-7132164,10775965,2080.84,0.0,0.2857142857142857,0.5,0.0,POINT (10775965 -7132164),1,0.0,0.0
"JAWA BARAT, KABUPATEN BANDUNG, IBUN, DUKUH",-7139042,107749163,2081.85,0.125,0.2857142857142857,0.5,0.0,POINT (107749163 -7139042),1,0.0,0.0
"JAWA BARAT, KABUPATEN BANDUNG, IBUN, PANGGUH",-7105259,107739694,2081.62,0.625,0.5714285714285714,0.5,1.0,POINT (107739694 -7105259),1,1.0,1.0
"JAWA BARAT, KABUPATEN BANDUNG, IBUN, LAMPEGAN",-707826,107751989,2080.36,1.0,0.5714285714285714,0.5,1.0,POINT (107751989 -707826),1,1.0,1.0
"JAWA BARAT, KABUPATEN BANDUNG, IBUN, NEGLASARI",-7139568,107739851,2082.49,0.125,0.2857142857142857,0.5,0.0,POINT (107739851 -7139568),1,0.0,0.0
"JAWA BARAT, KABUPATEN BANDUNG, IBUN, CIBEET",-7094255,107754724,2080.15,0.0,0.5714285714285714,0.5,0.0,POINT (107754724 -7094255),1,0.0,0.02
"JAWA BARAT, KABUPATEN BANDUNG, IBUN, KARYALAKSANA",-7087084,107743279,2081.72,0.625,0.5714285714285714,0.5,1.0,POINT (107743279 -7087084),1,1.0,1.0
"JAWA BARAT, KABUPATEN BANDUNG, ARJASARI, BATUKARUT, MANGUNJAYA, MAJALAYA, SUKAMAJU, MAJAKERTA, DAYEUHKOLOT, CANGKUANG, CIMENYAN, CIKADUT, LAMPEGAN, PASEH, CIMAUNG, CIPINANG",-7068763,107608822,2170.15,0.75,0.5714285714285714,0.75,1.0,POINT (107608822 -7068763),2,1.0,1.0
"JAWA BARAT, KABUPATEN BANDUNG, BANJAR, SINDANGPANON, CIAPUS, BALEENDAH, DAYEUHKOLOT, CITEUREUP",-7077363,10758678,2163.71,0.75,0.5714285714285714,0.75,1.0,POINT (10758678 -7077363),2,1.0,1.0
"JAWA BARAT, KABUPATEN BANDUNG, KERTASARI, CIBEUREUM, CIKEMBANG",-7189821,107662298,45.536,0.5,0.2857142857142857,0.0,0.0,POINT (107662298 -7189821),2,0.0,0.0
"JAWA BARAT, KABUPATEN BANDUNG, CICALENGKA, BABAKAN PEUTEUY, CICALENGKA WETAN",-707444,107686565,2121.23,0.625,0.5714285714285714,0.5,1.0,POINT (107686565 -707444),1,1.0,1.0
"JAWA BARAT, KABUPATEN BANDUNG, KERTASARI, CIHAWUK",-7182508,107700707,2069.45,0.75,0.2857142857142857,0.25,0.0,POINT (107700707 -7182508),1,0.0,0.0
"JAWA BARAT, KABUPATEN BANDUNG, KAB. BANDUNG, PANGALENGAN, MARGAMUKTI, DAYEUHKOLOT, PESAWAHAN, BALEENDAH, ANDIR, BANJARAN",-7180318,107604872,1874.68,0.0,0.2857142857142857,0.25,0.0,POINT (107604872 -7180318),2,0.0,0.0
"JAWA BARAT, KABUPATEN BANDUNG, NAGREG, CIARO",-7042391,107913278,44.228,0.0,0.5714285714285714,0.0,0.0,POINT (107913278 -7042391),1,0.0,0.0
"JAWA BARAT, KABUPATEN BANDUNG, CIKANCUNG, MEKARLAKSANA",-7063207,107825145,2040.97,0.5,0.2857142857142857,0.25,0.0,POINT (107825145 -7063207),1,0.0,0.0
"JAWA BARAT, KABUPATEN BANDUNG, CIKANCUNG, SRIRAHAYU",-7057238,107806087,2048.72,0.75,0.5714285714285714,0.25,0.0,POINT (107806087 -7057238),1,0.0,0.0
"JAWA BARAT, KABUPATEN BANDUNG, PASEH, LOA",-7111545,107794135,2078.69,0.0,0.2857142857142857,0.5,0.0,POINT (107794135 -7111545),1,0.0,0.0
"JAWA BARAT, KABUPATEN BANDUNG, PASEH, CIPAKU",-7063244,107782988,2069.67,0.0,0.5714285714285714,0.5,0.0,POINT (107782988 -7063244),1,0.0,0.02
"JAWA BARAT, KABUPATEN BANDUNG, PASEH, DRAWATI",-7081294,107804149,2070.64,0.5,0.2857142857142857,0.5,0.0,POINT (107804149 -7081294),1,0.0,0.01
"JAWA BARAT, KABUPATEN BANDUNG, PASEH, SUKAMANTRI",-7061217,107767505,2074.72,0.0,0.5714285714285714,0.5,0.0,POINT (107767505 -7061217),1,0.0,0.02
"JAWA BARAT, KABUPATEN BANDUNG, PASEH, KARANGTUNGGAL",-7057315,107798114,2055.29,0.75,0.5714285714285714,0.25,0.0,POINT (107798114 -7057315),1,0.0,0.0
"JAWA BARAT, KABUPATEN BANDUNG, PASEH, MEKARPAWITAN",-7042405,107774908,2057.66,1.0,0.7142857142857142,0.25,0.0,POINT (107774908 -7042405),1,0.0,0.0
"JAWA BARAT, KABUPATEN BANDUNG, IBUN, LAKSANA",-7137239,107779642,65.777,0.0,0.2857142857142857,0.0,0.0,POINT (107779642 -7137239),1,0.0,0.0
"JAWA BARAT, KABUPATEN BANDUNG, IBUN, TALUN",-7075035,107765023,2078.83,0.625,0.5714285714285714,0.5,1.0,POINT (107765023 -7075035),1,1.0,1.0
"JAWA BARAT, KABUPATEN BANDUNG, IBUN, MEKARWANGI",-7105599,107774014,2079.93,0.0,0.2857142857142857,0.5,0.0,POINT (107774014 -7105599),1,0.0,0.0
"JAWA BARAT, KABUPATEN BANDUNG, IBUN, SUDI",-7085066,107770511,2079.53,0.75,0.5714285714285714,0.5,1.0,POINT (107770511 -7085066),1,1.0,0.99
"JAWA BARAT, KABUPATEN BANDUNG, MAJALAYA, DAYEUHKOLOT, CITEUREP, CANGKUAN WETAN, PESAWAHAN, BALEENDAH, RANCAMANYAR, ANDIR, CIPARAY, SUMBERSARI, RANCAEKEK, RANCAEKEK WETAN, BOJONGSOANG, TEGALU",-704952,107761598,63.249,1.0,0.7142857142857142,0.0,0.0,POINT (107761598 -704952),1,0.0,0.0
"JAWA BARAT, KABUPATEN BANDUNG, SOREANG, PAMEKARAN",-7027331,107526421,2270.98,0.625,1.0,1.0,1.0,POINT (107526421 -7027331),1,1.0,1.0
"JAWA BARAT, KABUPATEN BANDUNG, SOREANG, KARAMATMULYA",-7041507,107517595,2278.71,1.0,0.5714285714285714,1.0,1.0,POINT (107517595 -7041507),1,1.0,1.0
"JAWA BARAT, KABUPATEN BANDUNG, KUTAWARINGIN, PADASUKA",-7014983,10752325,2270.67,0.625,1.0,1.0,1.0,POINT (10752325 -7014983),1,1.0,1.0
"JAWA BARAT, KABUPATEN BANDUNG, KUTAWARINGIN, CILAME",-7036769,107493488,2285.92,0.625,0.0,1.0,0.0,POINT (107493488 -7036769),1,0.0,0.0
"JAWA BARAT, KABUPATEN BANDUNG, KUTAWARINGIN, BUNINAGARA, CILAME SERANG, MAJALAYA",-7019677,107499256,140.01,0.0,0.5714285714285714,0.0,0.0,POINT (107499256 -7019677),1,0.0,0.0
"JAWA BARAT, KABUPATEN BANDUNG, KATAPANG, SANGKANHURIP",-6998699,10756931,2225.62,0.625,0.7142857142857142,0.75,1.0,POINT (10756931 -6998699),1,1.0,1.0
"JAWA BARAT, KABUPATEN BANDUNG, KATAPANG, CILAMPENI",-6989053,107556009,2229.57,0.0,0.7142857142857142,1.0,0.0,POINT (107556009 -6989053),1,0.0,0.01
"JAWA BARAT, KABUPATEN BANDUNG, DAYEUHKOLOT, CANGKUANG WETAN",-6975512,107604508,2227.82,0.0,0.7142857142857142,1.0,0.0,POINT (107604508 -6975512),1,0.0,0.01
"JAWA BARAT, KABUPATEN BANDUNG, DAYEUHKOLOT, CANGKUANG KULON",-6975195,107593754,2222.56,0.0,0.7142857142857142,0.75,0.0,POINT (107593754 -6975195),1,0.0,0.0
"JAWA BARAT, KABUPATEN BANDUNG, BANJARAN, TARAJUSARI",-7039982,107583617,2210.88,0.625,0.7142857142857142,0.75,1.0,POINT (107583617 -7039982),1,1.0,1.0
"JAWA BARAT, KABUPATEN BANDUNG, PAMEUNGPEUK, BOJONGKUNCI",-7019432,107573404,2223.67,0.625,0.7142857142857142,0.75,1.0,POINT (107573404 -7019432),1,1.0,1.0
"JAWA BARAT, KABUPATEN BANDUNG, PAMEUNGPEUK, RANCAMULYA",-7013895,107600927,2225.95,0.625,0.7142857142857142,0.75,1.0,POINT (107600927 -7013895),1,1.0,1.0
"JAWA BARAT, KABUPATEN BANDUNG, PAMEUNGPEUK, LANGONSARI",-7029115,107603109,2215.93,0.625,0.5714285714285714,0.75,1.0,POINT (107603109 -7029115),1,1.0,1.0
"JAWA BARAT, KABUPATEN BANDUNG, RANCAEKEK, NANJUNG MEKAR",-6964717,107541564,2227.88,1.0,0.7142857142857142,1.0,1.0,POINT (107541564 -6964717),1,1.0,1.0
"JAWA BARAT, KABUPATEN BANDUNG, BALEENDAH, BOJONGMALAKA",-7008954,107615446,2232.88,0.0,0.5714285714285714,1.0,0.0,POINT (107615446 -7008954),1,0.0,0.01
"JAWA BARAT, KABUPATEN BANDUNG, BALEENDAH, RANCAMANYAR",-7012597,10760916,2229.85,1.0,0.5714285714285714,1.0,1.0,POINT (10760916 -7012597),1,1.0,1.0
"JAWA BARAT, KABUPATEN BANDUNG, BALEENDAH, MALAKASARI",-7023497,107605945,2220.88,0.0,0.5714285714285714,0.75,0.0,POINT (107605945 -7023497),1,0.0,0.03
"JAWA BARAT, KABUPATEN BANDUNG, SOLOKANJERUK, RANCAKASUMBA",-7024951,107727378,2102.18,0.625,0.7142857142857142,0.5,1.0,POINT (107727378 -7024951),1,1.0,1.0
"JAWA BARAT, KABUPATEN BANDUNG, SOLOKANJERUK",-7011957,107734909,2091.35,1.0,0.7142857142857142,0.5,1.0,POINT (107734909 -7011957),1,1.0,1.0
"JAWA BARAT, KABUPATEN BANDUNG, SOLOKANJERUK, PANYADAP",-7030836,107758671,2063.86,0.625,0.7142857142857142,0.25,0.0,POINT (107758671 -7030836),2,0.0,0.0
"JAWA BARAT, KABUPATEN BANDUNG, SOLOKANJERUK, BOJONGEMAS",-7002511,107715469,81.086,0.625,0.7142857142857142,0.0,0.0,POINT (107715469 -7002511),1,0.0,0.0
"JAWA BARAT, KABUPATEN BANDUNG, SOREANG, CINGCIN",-7026866,107542733,2251.98,1.0,1.0,1.0,1.0,POINT (107542733 -7026866),1,1.0,0.99
"JAWA BARAT, KABUPATEN BANDUNG, SOREANG, PARUNGSERAB",-7013232,1075365,130.21,0.625,1.0,0.0,0.0,POINT (1075365 -7013232),1,0.0,0.0
"JAWA BARAT, KABUPATEN BANDUNG, KUTAWARINGIN, PAMEUNTASAN",-6983923,107549447,2232.58,0.0,0.7142857142857142,1.0,0.0,POINT (107549447 -6983923),1,0.0,0.01
"JAWA BARAT, KABUPATEN BANDUNG, CILEUNYI, CILEUNYI KULON",-6949377,107738033,2088.21,0.625,0.7142857142857142,0.5,1.0,POINT (107738033 -6949377),1,1.0,1.0
"JAWA BARAT, KABUPATEN BANDUNG, CILEUNYI, CILEUNYI WETAN",-6934567,107750193,2071.97,0.5,0.42857142857142855,0.5,1.0,POINT (107750193 -6934567),1,0.0,0.01
"JAWA BARAT, KABUPATEN BANDUNG, CILEUNYI, CIMEKAR",-6940494,107735261,2097.31,0.625,0.7142857142857142,0.5,1.0,POINT (107735261 -6940494),1,1.0,1.0
"JAWA BARAT, KABUPATEN BANDUNG, CILEUNYI, CINUNUK",-6940177,107729558,2104.21,1.0,0.7142857142857142,0.5,1.0,POINT (107729558 -6940177),1,1.0,1.0
"JAWA BARAT, KABUPATEN BANDUNG, CILEUNYI, CIBIRU HILIR",-6959794,107717461,2121.28,0.0,0.7142857142857142,0.5,0.0,POINT (107717461 -6959794),1,0.0,0.0
"JAWA BARAT, KABUPATEN BANDUNG, CILEUNYI, CIBIRU WETAN",-6936866,107754663,2063.62,0.0,0.42857142857142855,0.25,0.0,POINT (107754663 -6936866),1,0.0,0.0
"JAWA BARAT, KABUPATEN BANDUNG, CIMENYAN",-687995,107659174,2134.86,0.5,0.5714285714285714,0.75,1.0,POINT (107659174 -687995),1,1.0,1.0
"JAWA BARAT, KABUPATEN BANDUNG, CIMENYAN, MANDALAMEKAR",-6873687,107674563,86.899,0.5,0.5714285714285714,0.0,0.0,POINT (107674563 -6873687),1,0.0,0.0
"JAWA BARAT, KABUPATEN BANDUNG, CIMENYAN, CIKADUT",-6876812,107685187,2137.34,0.5,0.5714285714285714,0.75,1.0,POINT (107685187 -6876812),1,1.0,1.0
"JAWA BARAT, KABUPATEN BANDUNG, CIMENYAN, CIBURIAL",-6859063,107642187,2134.45,0.5,0.5714285714285714,0.75,1.0,POINT (107642187 -6859063),1,1.0,1.0
"JAWA BARAT, KABUPATEN BANDUNG, CIMENYAN, SINDANGLAYA",-6885938,107689188,2137.63,0.5,0.5714285714285714,0.75,1.0,POINT (107689188 -6885938),1,1.0,1.0
"JAWA BARAT, KABUPATEN BANDUNG, CIMENYAN, MEKARSALUYU",-6861438,107655062,85.865,1.0,0.5714285714285714,0.0,0.0,POINT (107655062 -6861438),1,0.0,0.0
"JAWA BARAT, KABUPATEN BANDUNG, CIMENYAN, MEKARMANIK",-6858688,107700312,2134.58,0.0,0.2857142857142857,0.75,0.0,POINT (107700312 -6858688),1,0.0,0.0
"JAWA BARAT, KABUPATEN BANDUNG, CILENGKRANG, JATIENDAH",-6901563,107697688,2136.88,1.0,0.5714285714285714,0.75,1.0,POINT (107697688 -6901563),1,1.0,1.0
"JAWA BARAT, KABUPATEN BANDUNG, CILENGKRANG",-6895509,107737729,75.332,0.5,0.5714285714285714,0.0,0.0,POINT (107737729 -6895509),1,0.0,0.0
"JAWA BARAT, KABUPATEN BANDUNG, CILENGKRANG, CIPANJALU",-6866374,107724931,81.632,0.0,0.2857142857142857,0.0,0.0,POINT (107724931 -6866374),1,0.0,0.0
"JAWA BARAT, KABUPATEN BANDUNG, CILENGKRANG, MELATIWANGI",-6883688,107708062,84.463,1.0,0.5714285714285714,0.0,0.0,POINT (107708062 -6883688),1,0.0,0.0
"JAWA BARAT, KABUPATEN BANDUNG, CILENGKRANG, CIPOREAT",-6888145,107729171,2117.41,0.5,0.5714285714285714,0.5,1.0,POINT (107729171 -6888145),1,1.0,1.0
"JAWA BARAT, KABUPATEN BANDUNG, CILENGKRANG, GIRIMEKAR",-6895014,107692086,2138.16,0.625,0.5714285714285714,0.75,1.0,POINT (107692086 -6895014),1,1.0,1.0
"JAWA BARAT, KABUPATEN BANDUNG, BOJONGSOANG, LENGKONG",-69764,107635177,2230.77,1.0,0.7142857142857142,1.0,1.0,POINT (107635177 -69764),1,1.0,1.0
"JAWA BARAT, KABUPATEN BANDUNG, BOJONGSOANG",-6985197,107631823,123.574,1.0,0.7142857142857142,0.0,0.0,POINT (107631823 -6985197),1,0.0,0.0
"JAWA BARAT, KABUPATEN BANDUNG, BOJONGSOANG, BUAHBATU",-6967187,107637607,2221.87,0.625,0.7142857142857142,0.75,1.0,POINT (107637607 -6967187),1,1.0,1.0
"JAWA BARAT, KABUPATEN BANDUNG, BOJONGSOANG, CIPAGALO",-6970813,107652812,2212.66,1.0,0.7142857142857142,0.75,1.0,POINT (107652812 -6970813),1,1.0,1.0
"JAWA BARAT, KABUPATEN BANDUNG, BOJONGSOANG, BOJONGSARI",-6997868,107655295,2219.51,0.25,0.7142857142857142,0.75,0.0,POINT (107655295 -6997868),1,0.0,0.15
"JAWA BARAT, KABUPATEN BANDUNG, BOJONGSOANG, TEGALLUAR",-6983973,107690241,2167.85,1.0,0.7142857142857142,0.75,1.0,POINT (107690241 -6983973),1,1.0,1.0
"JAWA BARAT, KABUPATEN BANDUNG, MARGAHAYU, MARGAHAYU TENGAH",-6963003,107577496,2213.46,1.0,0.7142857142857142,0.75,1.0,POINT (107577496 -6963003),1,1.0,1.0
"JAWA BARAT, KABUPATEN BANDUNG, MARGAHAYU, SUKAMENAK",-6966867,107578086,2215.64,1.0,0.7142857142857142,0.75,1.0,POINT (107578086 -6966867),1,1.0,1.0
"JAWA BARAT, KABUPATEN BANDUNG, MARGAHAYU, SAYATI",-6974538,10757866,2218.53,0.625,0.7142857142857142,0.75,1.0,POINT (10757866 -6974538),2,1.0,1.0
"JAWA BARAT, KABUPATEN BANDUNG, MARGAASIH",-6943611,107554618,2208.38,0.625,0.7142857142857142,0.75,1.0,POINT (107554618 -6943611),1,1.0,1.0
"JAWA BARAT, KABUPATEN BANDUNG, MARGAASIH, LAGADAR",-6932163,107540854,2210.83,1.0,0.7142857142857142,0.75,1.0,POINT (107540854 -6932163),1,1.0,1.0
"JAWA BARAT, KABUPATEN BANDUNG, MARGAASIH, NANJUNG",-6954842,10754495,2221.15,0.625,0.7142857142857142,0.75,1.0,POINT (10754495 -6954842),1,1.0,1.0
"JAWA BARAT, KABUPATEN BANDUNG, MARGAASIH, RAHAYU",-6963088,10756532,2215.76,1.0,0.7142857142857142,0.75,1.0,POINT (10756532 -6963088),1,1.0,1.0
"JAWA BARAT, KABUPATEN BANDUNG, MARGAASIH, CIGONDEWAH HILIR",-6958067,107558631,114.9,0.625,0.7142857142857142,0.0,0.0,POINT (107558631 -6958067),1,0.0,0.0
"JAWA BARAT, KABUPATEN BANDUNG, KATAPANG",-7008994,107547562,2243.97,0.625,1.0,1.0,1.0,POINT (107547562 -7008994),1,1.0,1.0
"JAWA BARAT, KABUPATEN BANDUNG, KATAPANG, GANDASARI",-7019955,107549179,125.705,1.0,1.0,0.0,0.0,POINT (107549179 -7019955),1,0.0,0.0
"JAWA BARAT, KABUPATEN BANDUNG, DAYEUHKOLOT",-6983619,107619238,123.179,1.0,0.7142857142857142,0.0,0.0,POINT (107619238 -6983619),1,0.0,0.0
"JAWA BARAT, KABUPATEN BANDUNG, DAYEUHKOLOT, CITEUREUP",-6977669,107627161,2234.66,0.625,0.7142857142857142,1.0,1.0,POINT (107627161 -6977669),1,1.0,1.0
"JAWA BARAT, KABUPATEN BANDUNG, PAMEUNGPEUK, BOJONGMANGGU",-7040696,107617848,2205.97,0.5,0.5714285714285714,0.75,1.0,POINT (107617848 -7040696),1,1.0,1.0
"JAWA BARAT, KABUPATEN BANDUNG, RANCAEKEK, RANCAEKEK WETAN",-6972738,107749403,2063.13,0.625,0.7142857142857142,0.25,0.0,POINT (107749403 -6972738),1,0.0,0.0
"JAWA BARAT, KABUPATEN BANDUNG, RANCAEKEK, RANCAEKEK KULON",-6975362,107736463,2087.57,0.625,0.7142857142857142,0.5,1.0,POINT (107736463 -6975362),1,1.0,1.0
"JAWA BARAT, KABUPATEN BANDUNG, RANCAEKEK, BOJONGLOA",-6979738,107754982,2049.91,0.625,0.7142857142857142,0.25,0.0,POINT (107754982 -6979738),2,0.0,0.0
"JAWA BARAT, KABUPATEN BANDUNG, RANCAEKEK, SUKAMANAH",-6992168,107727294,2105.69,0.625,0.7142857142857142,0.5,1.0,POINT (107727294 -6992168),1,1.0,1.0
"JAWA BARAT, KABUPATEN BANDUNG, CIPARAY",-7035711,107713243,2116.88,0.0,0.7142857142857142,0.5,0.0,POINT (107713243 -7035711),1,0.0,0.0
"JAWA BARAT, KABUPATEN BANDUNG, CIPARAY, GUNUNGLEUTIK",-7039121,107697727,2134.58,0.625,0.5714285714285714,0.75,1.0,POINT (107697727 -7039121),1,1.0,1.0
"JAWA BARAT, KABUPATEN BANDUNG, CIPARAY, MEKARSARI",-7034466,107722777,2104.97,0.0,0.7142857142857142,0.5,0.0,POINT (107722777 -7034466),1,0.0,0.0
"JAWA BARAT, KABUPATEN BANDUNG, CIPARAY, CIHEULANG",-7034345,107684737,93.929,0.0,0.5714285714285714,0.0,0.0,POINT (107684737 -7034345),1,0.0,0.0
"JAWA BARAT, KABUPATEN BANDUNG, CIPARAY, SUMBERSARI",-7008205,107697573,2150.89,0.625,0.7142857142857142,0.75,1.0,POINT (107697573 -7008205),1,1.0,1.0
"JAWA BARAT, KABUPATEN BANDUNG, CIPARAY, SARIMAHI",-7022585,107699779,2141.37,0.625,0.7142857142857142,0.75,1.0,POINT (107699779 -7022585),1,1.0,1.0
"JAWA BARAT, KABUPATEN BANDUNG, CIPARAY, SERANGMEKAR",-7024028,107693155,2149.57,0.625,0.7142857142857142,0.75,1.0,POINT (107693155 -7024028),1,1.0,1.0
"JAWA BARAT, KABUPATEN BANDUNG, SOREANG",-7014649,107530623,2262.39,1.0,1.0,1.0,1.0,POINT (107530623 -7014649),1,1.0,0.99
"JAWA BARAT, KABUPATEN BANDUNG, CILEUNYI, CIBIRU WETAN",-6934488,107754985,2064.78,1.0,0.42857142857142855,0.25,0.0,POINT (107754985 -6934488),1,0.0,0.0
"JAWA BARAT, KABUPATEN BANDUNG, BOJONGSOANG",-6985208,107632211,123.574,1.0,0.7142857142857142,0.0,0.0,POINT (107632211 -6985208),1,0.0,0.0
"JAWA BARAT, KABUPATEN BANDUNG, BOJONGSOANG, BUAHBATU",-6966242,107637977,-9.999,0.625,0.7142857142857142,0.0,0.0,POINT (107637977 -6966242),1,0.0,0.0
"JAWA BARAT, KABUPATEN BANDUNG, CILEUNYI, CIBIRU WETAN",-6923064,107756897,61.576,0.0,0.5714285714285714,0.0,0.0,POINT (107756897 -6923064),1,0.0,0.0
"JAWA BARAT, KABUPATEN BANDUNG, CIPARAY",-7037541,107712519,2115.93,0.5,0.7142857142857142,0.5,1.0,POINT (107712519 -7037541),1,1.0,1.0
"JAWA BARAT, KABUPATEN BANDUNG, BALEENDAH, MANGGAHANG",-7026624,107642027,2213.86,0.375,0.5714285714285714,0.75,1.0,POINT (107642027 -7026624),2,1.0,1.0
"JAWA BARAT, KABUPATEN BANDUNG, DAYEUHKOLOT, RANCAEKEK, SANGIANG",-698644,10762411,2238.77,1.0,0.7142857142857142,1.0,1.0,POINT (10762411 -698644),12,1.0,1.0
"JAWA BARAT, KABUPATEN BANDUNG, DAYEUHKOLOT, CITEUREUP, MARGAASIH, CIGONDEWAH HILIR",-6980664,107626354,2237.21,0.625,0.7142857142857142,1.0,1.0,POINT (107626354 -6980664),1,1.0,1.0
"JAWA BARAT, KABUPATEN BANDUNG, CIPARAY, SOREANG",-7029445,107710208,2122.43,0.625,0.7142857142857142,0.5,1.0,POINT (107710208 -7029445),1,1.0,1.0
"JAWA BARAT, KABUPATEN BANDUNG, DAYEUHKOLOT, CITEUREUP, CANGKUANG WETAN, BALEENDAH, BOJONGSOANG, TEGALLUAR",-698644,10762411,2238.77,1.0,0.7142857142857142,1.0,1.0,POINT (10762411 -698644),12,1.0,1.0
"JAWA BARAT, KABUPATEN BANDUNG, DAYEUHKOLOT, A CANGKUANG, BOJONGSOANG, A BOJONGSOANG",-698644,10762411,2238.77,1.0,0.7142857142857142,1.0,1.0,POINT (10762411 -698644),12,1.0,1.0
"JAWA BARAT, KABUPATEN BANDUNG, BALEENDAH, ANDIR, BOJONGSOANG, TEGALLUAR, DAYEUHKOLOT, CITEUREUP",-7018377,107630571,2226.85,0.5,0.5714285714285714,0.75,1.0,POINT (107630571 -7018377),2,1.0,0.98
"JAWA BARAT, KABUPATEN BANDUNG, RANCAEKEK, RANCAEKEK KULON",-696488,107755958,53.783,0.0,0.7142857142857142,0.0,0.0,POINT (107755958 -696488),5,0.0,0.0
"JAWA BARAT, KABUPATEN BANDUNG, DAYEUHKOLOT, CITEUREUP, BALEENDAH, ANDIR, BOJONG MALAKA, BOJONGSOANG, CIJAGRA, CIBIRU WETAN, CIMEKAR, CILEUNYI",-698644,10762411,2238.77,1.0,0.7142857142857142,1.0,1.0,POINT (10762411 -698644),12,1.0,1.0
"JAWA BARAT, KABUPATEN BANDUNG, RANCAEKEK",-696488,107755958,53.783,0.0,0.7142857142857142,0.0,0.0,POINT (107755958 -696488),5,0.0,0.0
"JAWA BARAT, KABUPATEN BANDUNG, RANCAEKEK, RANCAEKEK KULON, RANCAEKEK WETAN, CILEUNYI, CILEUNYI WETAN",-696488,107755958,53.783,0.0,0.7142857142857142,0.0,0.0,POINT (107755958 -696488),5,0.0,0.0
"JAWA BARAT, KABUPATEN BANDUNG, PACET, PANGAUBAN KP. BABAKAN, SUKARAME KP. KAMBURAYA",-6998609,107559217,2230.55,1.0,0.7142857142857142,1.0,1.0,POINT (107559217 -6998609),1,1.0,1.0
"JAWA BARAT, KABUPATEN BANDUNG, RANCAEKEK, RANCAEKEK KULON, RANCAEKEK WETAN, BOJONGLOA",-696488,107755958,53.783,0.0,0.7142857142857142,0.0,0.0,POINT (107755958 -696488),5,0.0,0.0
"JAWA BARAT, KABUPATEN BANDUNG, CILEUNYI, CILEUNYI WETAN, BOJONGSOANG, TEGALLUAR, BALEENDAH, ANDIR, DAYEUHKOLOT, CITEUREUP",-6942748,10775341,2064.16,0.625,0.42857142857142855,0.25,0.0,POINT (10775341 -6942748),1,0.0,0.0
"JAWA BARAT, KABUPATEN BANDUNG, SOLOKAN JERUK, PANYADAP, DAYEUHKOLOT, BALEENDAH, ANDIR, RANCAEKEK, RANCAEKEK KULON, MAJALAYA, BOJONG, BOJONGSOANG",-7030836,107758671,2063.86,0.625,0.7142857142857142,0.25,0.0,POINT (107758671 -7030836),2,0.0,0.0
"JAWA BARAT, KABUPATEN BANDUNG, BOJONGSOANG, DAYEUHKOLOT, BALEENDAH, ANDIR",-6993945,1076437,2232.58,0.25,0.7142857142857142,1.0,0.0,POINT (1076437 -6993945),1,0.0,0.15
"JAWA BARAT, KABUPATEN BANDUNG, BALEENDAH, MANGGAHANG ‚óè, PAMEUNGPEUK, BOJONGMANGGU",-7026624,107642027,2213.86,0.375,0.5714285714285714,0.75,1.0,POINT (107642027 -7026624),2,1.0,1.0
"JAWA BARAT, KABUPATEN BANDUNG, KAC. DAYEHKOLOT, DAYEUHKOLOT, CITEUREUP, PASAWAHAN., BALEENDAH, ANDIR, BOJONGSOANG, BOJONGSARI, TEGALUAR",-698644,10762411,2238.77,1.0,0.7142857142857142,1.0,1.0,POINT (10762411 -698644),12,1.0,1.0
"JAWA BARAT, KABUPATEN BANDUNG, MEKARSALUYU TARUMAJAYA",-6873328,107652027,85.163,0.5,0.5714285714285714,0.0,0.0,POINT (107652027 -6873328),1,0.0,0.0
"JAWA BARAT, KABUPATEN BANDUNG, DAYEUHKOLOT, BALEENDAH, ANDIR, BOJONGSOANG, BOJONGSARI, TEGALUAR, MARGAHAYU, SAYATI",-698644,10762411,2238.77,1.0,0.7142857142857142,1.0,1.0,POINT (10762411 -698644),12,1.0,1.0
"JAWA BARAT, KABUPATEN BANDUNG, RANCAEKEK, RANCAEKEK KULON KAMP. BOJONGMELATI",-696488,107755958,53.783,0.0,0.7142857142857142,0.0,0.0,POINT (107755958 -696488),5,0.0,0.0
"JAWA BARAT, KABUPATEN BANDUNG, RANCAEKEK, BOJONGLOA, RANCAEKEK WETAN, RANCAEKEK KULON",-6979738,107754982,2049.91,0.625,0.7142857142857142,0.25,0.0,POINT (107754982 -6979738),2,0.0,0.0
"JAWA BARAT, KABUPATEN BANDUNG, DAYEUHKOLOT, DAYEUHKOLOT; CITEUREUP;, PASAWAHAN, BALEENDAH, ANDIR DAN BALEENDAH, BOJONGSOANG",-6972873,107614077,2229.73,1.0,0.7142857142857142,1.0,1.0,POINT (107614077 -6972873),1,1.0,1.0
"JAWA BARAT, KABUPATEN BANDUNG, MARGAHAYU, SAYATI, CIPARAY, GUNUNGLEUTIK, BOJONGSOANG, BALEENDAH, ANDIR, DAYEUHKOLOT, CICALENGKA, CICALENGKA WETAN",-6974538,10757866,2218.53,0.625,0.7142857142857142,0.75,1.0,POINT (10757866 -6974538),2,1.0,1.0
"JAWA BARAT, KABUPATEN BANDUNG, DAYEUHKOLOT, CITEUREUP, PESAWARAN, BALEENDAH, ANDIR, BOJOSOANG, BOJONGSARI, TEGALUAR",-698644,10762411,2238.77,1.0,0.7142857142857142,1.0,1.0,POINT (10762411 -698644),12,1.0,1.0
"JAWA BARAT, KABUPATEN BANDUNG, DAYEUHKOLOT, CITEUREUP, PASAWAHAN, BALEENDAH, ANDIR, BANJARAN, TARAJUSARI, TANJUNGSARI, BOJONGSOANG, BOJONGSARI, TEGALUAR, SOLOKANJERUK, PANYADAP, CIPARAY K",-698644,10762411,2238.77,1.0,0.7142857142857142,1.0,1.0,POINT (10762411 -698644),12,1.0,1.0
"JAWA BARAT, KABUPATEN BANDUNG, DAYEUHKOLOT, BOJOSOANG, BOJONGSARI, KATAPANG, CILEUNYI, BALEENDAH",-698644,10762411,2238.77,1.0,0.7142857142857142,1.0,1.0,POINT (10762411 -698644),12,1.0,1.0
"JAWA BARAT, KABUPATEN BANDUNG, DAYEUHKOLOT, CITEREUP, PESAWAHAN, BOJONGSOANG, BALEENDAH, ANDIR, MAJALAYA, IBUN",-698644,10762411,2238.77,1.0,0.7142857142857142,1.0,1.0,POINT (10762411 -698644),12,1.0,1.0
"JAWA BARAT, KABUPATEN BANDUNG, DAYEUHKOLOT, PESAWAHAN, CITEUREP, BALEENDAH, ANDIR, BOJONGSOANG",-698644,10762411,2238.77,1.0,0.7142857142857142,1.0,1.0,POINT (10762411 -698644),12,1.0,1.0
"JAWA BARAT, KABUPATEN BANDUNG, DAYEUHKOLOT, BALEENDAH, ANDIR, BOJONG SOANG, CICALENGKA, CILEUNYI DS. CIMEKAR",-698644,10762411,2238.77,1.0,0.7142857142857142,1.0,1.0,POINT (10762411 -698644),12,1.0,1.0
"JAWA BARAT, KABUPATEN BANDUNG, BALEENDAH, BALEENDAH KP. CIGOSOL KP. MUARA KP. CIPUTAT KP. UWAK KP. CIBADAK KP. PARUNGHALANG KP. CIODENG KP. ANDIR, DAYEUHKOLOT, CITEUREUP KP. BOJONGASIH KP. BABAKAN CILISUNG KP. CILISUNG KP. BOLERO KP. KAUM, BOJONGSOANG, CIJAGRA KP",-7018377,107630571,2226.85,0.5,0.5714285714285714,0.75,1.0,POINT (107630571 -7018377),2,1.0,0.98
"JAWA BARAT, KABUPATEN BANDUNG, CICALENGKA, PANENJOAN",-6986854,107817989,1930.87,0.625,0.7142857142857142,0.25,0.0,POINT (107817989 -6986854),1,0.0,0.0
"JAWA BARAT, KABUPATEN BANDUNG, CICALENGKA, CICALENGKA KULON",-6981591,107832724,1925.33,0.625,0.5714285714285714,0.25,0.0,POINT (107832724 -6981591),2,0.0,0.01
"JAWA BARAT, KABUPATEN BANDUNG, CICALENGKA, CICALENGKA WETAN",-6997711,107841926,13.119,0.75,0.5714285714285714,0.0,0.0,POINT (107841926 -6997711),1,0.0,0.0
"JAWA BARAT, KABUPATEN BANDUNG, CICALENGKA, DAMPIT",-6974237,107849828,1934.66,0.5,0.5714285714285714,0.25,0.0,POINT (107849828 -6974237),1,0.0,0.0
"JAWA BARAT, KABUPATEN BANDUNG, CICALENGKA, MARGAASIH",-7016285,107838072,1956.46,0.5,0.5714285714285714,0.25,0.0,POINT (107838072 -7016285),1,0.0,0.0
"JAWA BARAT, KABUPATEN BANDUNG, CICALENGKA, NARAWITA",-7026569,107844001,1973.86,1.0,0.5714285714285714,0.25,0.0,POINT (107844001 -7026569),1,0.0,0.0
"JAWA BARAT, KABUPATEN BANDUNG, CICALENGKA, TANJUNGWANGI",-6970147,107887255,26.481,0.5,0.2857142857142857,0.0,0.0,POINT (107887255 -6970147),1,0.0,0.0
"JAWA BARAT, KABUPATEN BANDUNG, CICALENGKA, TENJOLAYA",-6982726,107835008,1925.93,1.0,0.5714285714285714,0.25,0.0,POINT (107835008 -6982726),1,0.0,0.0
"JAWA BARAT, KABUPATEN BANDUNG, CICALENGKA, NAGROG",-7000071,107863643,1953.56,0.0,0.5714285714285714,0.25,0.0,POINT (107863643 -7000071),1,0.0,0.0
"JAWA BARAT, KABUPATEN BANDUNG, NAGREG",-7022122,1078934,1996.39,1.0,0.5714285714285714,0.25,0.0,POINT (1078934 -7022122),2,0.0,0.0
"JAWA BARAT, KABUPATEN BANDUNG, NAGREG, BOJONG",-7026543,107870048,30.926,1.0,0.5714285714285714,0.0,0.0,POINT (107870048 -7026543),2,0.0,0.0
"JAWA BARAT, KABUPATEN BANDUNG, NAGREG, CIHERANG",-7034742,107891743,2004.84,0.5,0.5714285714285714,0.25,0.0,POINT (107891743 -7034742),1,0.0,0.0
"JAWA BARAT, KABUPATEN BANDUNG, NAGREG, CITAMAN",-7009957,107875985,26.39,0.75,0.5714285714285714,0.0,0.0,POINT (107875985 -7009957),2,0.0,0.0
"JAWA BARAT, KABUPATEN BANDUNG, NAGREG, MANDALAWANGI",-7025169,107861087,1979.74,0.75,0.5714285714285714,0.25,0.0,POINT (107861087 -7025169),1,0.0,0.0
"JAWA BARAT, KABUPATEN BANDUNG, NAGREG, NAGREG KENDAN",-7022122,1078934,1996.39,1.0,0.5714285714285714,0.25,0.0,POINT (1078934 -7022122),2,0.0,0.0
"JAWA BARAT, KABUPATEN BANDUNG, CIKANCUNG, MANDALASARI",-7037923,10782847,36.557,0.5,0.5714285714285714,0.0,0.0,POINT (10782847 -7037923),1,0.0,0.0
"JAWA BARAT, KABUPATEN BANDUNG, CIKANCUNG",-7038502,107825012,2001.44,1.0,0.5714285714285714,0.25,0.0,POINT (107825012 -7038502),1,0.0,0.0
"JAWA BARAT, KABUPATEN BANDUNG, CIKANCUNG, CIKASUNGKA",-7014067,107811798,1966.51,0.625,0.7142857142857142,0.25,0.0,POINT (107811798 -7014067),1,0.0,0.0
"JAWA BARAT, KABUPATEN BANDUNG, CIKANCUNG, CIHANYIR",-7034434,10781092,2005.52,0.5,0.5714285714285714,0.25,0.0,POINT (10781092 -7034434),1,0.0,0.0
"JAWA BARAT, KABUPATEN BANDUNG, CIKANCUNG, CILULUK",-7038312,107803304,44.774,0.75,0.5714285714285714,0.0,0.0,POINT (107803304 -7038312),1,0.0,0.0
"JAWA BARAT, KABUPATEN BANDUNG, RANCAEKEK, BOJONGSALAM",-6992941,107802196,1954.75,0.625,0.7142857142857142,0.25,0.0,POINT (107802196 -6992941),1,0.0,0.0
"JAWA BARAT, KABUPATEN BANDUNG, RANCAEKEK, LINGGAR",-6974516,107776282,1999.65,0.625,0.7142857142857142,0.25,0.0,POINT (107776282 -6974516),1,0.0,0.0
"JAWA BARAT, KABUPATEN BANDUNG, RANCAEKEK, CANGKUANG",-6972372,10779047,1969.36,1.0,0.7142857142857142,0.25,0.0,POINT (10779047 -6972372),1,0.0,0.0
"JAWA BARAT, KABUPATEN BANDUNG, RANCAEKEK, HAURPUGUR",-6994326,107777028,2004.44,1.0,0.7142857142857142,0.25,0.0,POINT (107777028 -6994326),1,0.0,0.0
"JAWA BARAT, KABUPATEN BANDUNG, MAJALAYA, BOJONG",-7039568,107767543,2062.84,0.625,0.7142857142857142,0.25,0.0,POINT (107767543 -7039568),1,0.0,0.0
"JAWA BARAT, KABUPATEN BANDUNG, PASEH, CIJAGRA",-7036788,107777117,2049.26,0.625,0.7142857142857142,0.25,0.0,POINT (107777117 -7036788),1,0.0,0.0
"JAWA BARAT, KABUPATEN BANDUNG, PASEH, TANGSIMEKAR",-7028698,107777331,2039.69,0.625,0.7142857142857142,0.25,0.0,POINT (107777331 -7028698),1,0.0,0.0
"JAWA BARAT, KABUPATEN BANDUNG, CANGKUANG",-6979043,107782748,31.229,0.625,0.7142857142857142,0.0,0.0,POINT (107782748 -6979043),1,0.0,0.0
"JAWA BARAT, KABUPATEN BANDUNG, NAGREG, CITAMAN, PASEH, DRAMATIC, SOLOKAN JERUK, PANYADAP, RANCAEKEK, HAUR PUGUR",-7009957,107875985,26.39,0.75,0.5714285714285714,0.0,0.0,POINT (107875985 -7009957),2,0.0,0.0
"JAWA BARAT, KABUPATEN BANDUNG, CICALENGKA, CICALENGKA WETAN, CIKUYA",-6981591,107832724,1925.33,0.625,0.5714285714285714,0.25,0.0,POINT (107832724 -6981591),2,0.0,0.01
"JAWA BARAT, KABUPATEN BANDUNG, MAJALAYA, BOJONG, MARGAHAYU, SOLOKAN JERUK",-7026543,107870048,30.926,1.0,0.5714285714285714,0.0,0.0,POINT (107870048 -7026543),2,0.0,0.0
